"cs_gb","cv","gpp_gb","nbp","npp_n_gb","runoff"
862644634710855,145256426067491,4906943.54837163,738259938823.419,61172865849318,795473684.747487
395043234953476,391991261766700,3070410.34034841,1458724776615.08,35403401209857.4,827460084.348657
647778183841488,147955329239834,3770472.43056968,804492769797.765,46470530868262.9,969038564.106541
1261471267132203,477793896985252,4891126.25108394,1978698109564.44,46386068198250.9,835600717.089538
684023740307989,72324796712143.9,3421415.35008852,561795096959.605,33478124518198.2,1021736218.02649
465262921913619,14866502883327.6,2903046.19052184,-401930306736.929,37822135377612.7,1046557658.40837
1098461613984217,14088887627.6999,1119.23991978614,1246606120.13517,16317384214.1086,6675996.78154017
420174356768092,13220265117007.6,2665601.60343394,-44437867380.644,34988696100845.6,1219493291.40201
588292586631286,289967333813047,3504605.79769211,1184166281889.66,41992008253721.8,980876436.605615
260396491924816,17438358877494.1,2318056.91695985,193075597833.31,27755683767534.3,1112693122.48331
885380468159869,792047026618022,4663614.86024913,2932970934362.64,67507390802619.9,804630698.830345
826384312992335,16904074273955.3,3600422.94197357,75530930151.8499,46049964377109.8,1038409709.97484
623889704303304,312234702003737,3620310.7892565,1493864959322.89,39509397163043.5,1015130402.73965
949418890763927,141429161064480,2556742.96766762,823349988961.602,32349913231822.7,1159362383.05618
1288718258427415,818824925577968,4506340.20926264,2881530140475.07,77899432350744.4,962743594.963748
489314443736599,191213186309416,3727852.75887913,869780596333.14,31510932793840.5,888090773.005068
260294623172698,71672289647438.6,2462218.08092236,505533511867.587,23794126005699.8,1087479705.53792
1083993948669128,157707842106.594,9295.01143228308,12084063117.6675,113142423662.397,2781378.3039753
303777191467962,278307440986337,2850051.10153489,982598668955.747,29166366895923.1,1027869357.05585
1386883054830172,18937027410194.1,3449175.64615251,519011799828.956,42601545946812,1042516060.75508
671472306645958,20802182743697.9,3671515.65513704,97670691045.3142,40228399756967.2,952329588.585084
578788394790547,452977699301690,3877039.284399,1578499746490.48,55252024946055.8,824793110.894062
1049875083717496,613327582174135,4944642.15091473,2240869167885.33,54298394972953.2,666879928.232367
692495916280999,607232624819691,4404456.11644184,2538385734773.95,51109378928777.9,690227036.809918
532513136809621,51522424831350.7,3359854.08107388,632979249870.277,36053352429277.1,964975395.448819
295257466183991,81487345587803.9,2796875.88677237,341885781720.468,20434663552118.6,848446944.895541
486432497925101,15875174294518.9,3573046.22401812,-279487814148.317,42670632340036,1036914424.56458
1087379434236286,474218139668880,4202221.73610975,1833333885983.51,55566435561367.8,640221754.895286
830618953940364,42390895942969.2,4845677.51229872,123758067063.543,38855881675327.2,936524210.361187
303548599952004,87185271388514.5,2689984.7539387,461487040062.526,24974195039066.9,1190647189.57815
542986618699749,148839539471546,3683400.48542288,457073670653.779,47807119157420.9,1016120788.8505
1124697011992087,189218444125648,3037103.05281564,856095198939.604,40722227403711.1,1047285934.36917
846922236710032,148836780457034,3763552.64010602,382326595330.419,42945819138959.5,1165762053.54861
997181226460018,51145203741136.5,5128836.47411407,487747538411.183,32255321468029.2,934879341.351676
851593265701258,364224591168101,4970980.39090568,1682767309687.43,73443563926656.7,912473851.02221
633157996488394,210918682327093,3814366.26556622,1231519975565.33,49296549173294.9,932200949.598105
993447695620165,341301285231570,5488387.45264515,2041925887445.52,63091741947747.7,808024884.951304
573409571197670,428434057969356,3215581.20653656,1716249463936.22,42415573142398.1,982752867.319418
831691436275298,258417661208597,3767374.41186372,1023908303309.17,36889170789431.1,1005016648.67036
160411336883477,20716469441021.7,1712039.32469085,137371854592.205,15176167721883,1237527312.14223
1310604772721736,295448325317380,4550026.81253917,1347130320101.57,51330277851521,729906848.924584
529731320818192,678959394438018,4440666.20100239,2650554246056.28,53841347202438.2,784503733.44674
60825173001796,26142336312769.9,786755.028219347,192421972763.863,6690417620230.02,1333376857.74953
306179598548903,23395002683445.2,4605683.99740466,85606572072.5741,24319270257631.5,895838085.645011
711172348093971,214503849658875,4830995.4984743,873334094955.509,40075150145017.1,929624353.042483
1537649197919435,273212805994860,3870614.32918171,1015463590406.69,55482793574662,1170194041.22694
489663561495047,159927690885038,2926564.4676401,682239586390.396,39838810454403.4,853843980.524983
460553595177648,541503682270635,4810341.58895679,2071273924555.36,54500218114737.2,1045806977.51762
555232313358160,29376264436333.4,3630921.14930738,132605364233.019,34401235797549.3,1220485169.76362
1229304996590904,91276917511163.5,3415077.14721775,427966791302.007,52044958256623.2,1021336731.09907
1801222433138563,720796004179410,4677044.22335115,3541410683875.45,73073585855891.2,830678100.555282
930176450735802,111733833758.381,13202.4906825954,9164849357.0383,174936265274.301,6044659.24518107
362449239191182,24979973949576.3,2096556.22588008,-100583403314.18,22244895265864.9,1227091892.0785
568174589915337,235323270389509,3635393.32423484,360817324087.049,35259651517777.4,1119008186.74893
1095504389322324,10394825689.8077,976.304656831496,1348243640.46681,13851538485.9995,3191018.40868217
481306781857288,71670800420800.7,2970004.20604303,297839073486.763,31362958103041.5,1161925360.59871
714695187946567,761911409055764,4158240.70239786,2387601527429.31,51804846587886.3,928438798.688482
175675303129143,37496265606025.8,3557548.73693467,244103712713.144,20010131616150.6,1152961165.27641
367369415793508,516472075256635,3207117.33004531,1260689845392.78,31842878175171.5,974681126.798503
1195237177494368,360265115066449,3786091.6641853,1403374963829.97,57542647081477.5,896695258.446261
1069685681885119,217191632990839,3348980.19751783,1114956225549,50683534488617.8,862031329.156341
926589914521285,1216893374570838,3466576.22190352,2980421170702.74,50214034670107.5,856838423.946573
214838144854566,17109654861532.8,1453214.9959189,289818561386.959,14295593521426.5,1292436626.7744
347110671902595,269712945127521,3665899.02716889,1171040483303.47,29733316311444,1160674008.22502
1338220477671942,210064689102092,3347738.80001898,796495576127.623,45675391568209.1,1138183442.47191
228140697469854,11701786423775,2949902.88765699,178754217358.386,31156728533741.5,1218846241.52639
711815470709889,19777299999148.9,3367306.29228849,274479047216.772,28070461315565.2,1064626631.865
465915447618595,414126622521869,2953949.7896319,1085859471886.79,39537291577150,775220204.474139
1137455895367868,129904231005147,3345429.23925842,343025428135.062,44017024651913,1058819642.98093
924807386062324,323613954138073,4378392.74730172,1513429088568.99,47838009801614.1,920596838.083929
364635123124272,100612219178075,2125251.5381067,384191982769.95,21140562119708.5,968637400.768379
457316471040686,166424374661103,2355644.62230362,854998749580.013,34834496860481.5,1135360149.54975
910222648463849,555577642780693,4486840.71681769,2441572038720.95,56824145960527.2,984723638.873983
940454370681326,1451895190045.91,32908.2607510818,23922215053.5326,339449817794.12,10477376.5223908
530652002068901,167585824502027,3923000.68275374,109914983755.762,50686248651103.8,1024937760.1023
537424969569405,44361429801288.4,2481887.11178644,-106368164725.316,24124463877763.6,1226271349.80343
1801522929027978,42925444728024.5,3180309.65730301,616810703715.732,42230303126625.2,1044474338.22405
114205025974550,6908609121006.32,1363360.00213409,71203065738.6386,15394602521428.5,1234459192.51248
700074740869802,87152479724080.6,2818846.92633581,517845406759.584,23163378618469.5,1121193748.5047
741366396220739,753243681591708,4674064.19796798,2450760051301.35,63992699562635.3,972294994.89194
1342778572049817,66292552281980.9,4955921.90722995,504100231728.471,64353033260134.7,1044602285.34219
590821887322317,22432805979621.5,3208420.21052868,54887702492.0638,39782376362762.1,1155345441.8743
288979675545982,20358469841227.8,3861234.81046971,189899474631.678,29765003259685.8,1084722847.25598
754044993034823,125657602355671,3245214.72948664,311598397797.32,53176510468414,938028899.345286
371412083888660,152477543047840,3630109.6958323,1418885707827.52,43288214802794.9,720021352.940325
1037312660612194,3430620568475.2,44723.1729070735,38637667921.8479,598728278474.312,8274226.70256466
NA,NA,NA,NA,NA,NA
829797926828014,21642143205827.1,872287.430528117,345550940915.343,9245422214474.05,154527348.623691
1088810846247637,2879054911352.25,198901.854342578,14975568502.1374,2578606151897.46,44075316.4444368
757265279729304,361295817139906,2740864.80825174,1255670001990.5,46991060353414.2,1033612834.84035
854751184767023,27486199433271.7,4384490.5538308,11758635826.5353,64369126501092.4,1082422554.44372
357758352896162,28190516648609.2,2712187.91031755,108356280626.025,29707784094654.9,1185165686.84203
515744477279848,224352703152731,4100688.29772112,676237359083.054,38790782020478.2,1247090816.73264
1100301842834446,332662505114.747,27399.3225217,19927615037.5824,247620160920.398,66002275.9949397
1174814929849347,2160721850.80671,195.787930289106,-384139101.18885,1931241646.20646,10315360.9370885
559663777580261,32028528402271,2510682.1810894,77628234498.8558,27366572534745.1,1008132018.10341
1109571909928947,13775429091225.1,151913.628170785,127545099884.019,1521660560358.75,53204365.5999799
837619404115499,221297364102692,3322499.64051481,1060487296726.94,42103437339875.1,1144800493.63447
429717614780100,107048637698934,3561466.32794238,372244621796.789,28803430718422.4,914531818.983758
673774125025781,244611476142337,4536130.00368341,1493427101965.65,45925615297355.2,870728974.302058
770359076529562,528677144819928,3767238.24088509,2396696811586.68,57738355177748.3,824189859.775406
963962992036358,363657736.238112,0.16837066240369,-212823168.985744,-253124.299009709,4674011.44666729
1070248914746330,283452121501964,4398139.39747538,1746322430325.93,44071311707336.8,921014878.96031
1202015320994974,36667261242960.8,4353288.91386931,327014151839.531,50702003170352.4,759644215.457261
712483276768467,17117848674353.8,3211997.26298945,-238548694757.451,43991790677248.6,1360620063.9225
303123126688639,39404595636711.5,3545405.56598372,312872359029.415,34369924745150.4,1039592663.56046
1317206469983926,1179249314148944,5026349.17687862,3148141029857.74,72986538504469.3,805626732.092675
1001736869984359,610395026505164,3240066.96120151,3032455929924.3,53330880057726.2,581241877.932282
1581474436647950,310752373597624,4853841.99880641,855489274831.538,80708141094612.6,1043378159.13569
664571678608903,417452670154369,3282259.30626965,1121558916037.18,36974269713061.6,1068870538.99488
1158337201059126,9885263764.45202,904.782478478006,506088528.602357,12546397515.2773,22938939.8205592
60932590061055.2,3892796448469.46,596922.961804238,-102389106448.808,5450309369069.28,1330326667.96598
573971255773663,107192299716888,2311529.93574947,531753341413.48,23244304503547.8,1185593410.83763
479439476879011,62484451353417.5,2705773.03313156,219073283500.089,30910172668979.6,1140918680.18832
1396239835625198,202864801257383,3115854.17504702,727521220361.049,34963308370957,1103000541.591
532938146878686,242229344009787,2920462.83257017,1195972425569.88,29817451413301.6,1056963012.48656
1087049006237934,382621693377323,2891013.72326309,1310605534968.53,31950091685203.9,708624286.590514
1671876012322482,593153417069714,6566643.4852814,2432172215478.33,75574286939308.5,857393742.585501
553685805666468,266609277107756,2887231.93964132,1179716999156.1,27338717366537.2,872734997.915952
525196815094029,361393470279083,4022090.47228241,1714590817736.45,33050401918374.3,993354734.442865
2649694480040786,32438955161863,5312965.17755221,830154163302.933,90226698536160.1,1189427401.32066
588052440342935,42495911834889.6,3268405.25474611,349453038173.332,28170645118540.2,1256742361.82112
250258160677690,7780998770413.78,2047556.53397481,194267767005.899,29675899531681.9,1191642315.83856
1176532193437090,18161331394.2878,1310.29721870156,1961929317.59482,16223139999.35,4661211.50071258
782093734655052,221179078556.487,12300.993383951,4185157857.90521,107860622766.299,6908626.67727671
1347843454840434,975638756565884,6612601.60041752,3969201720329.63,81313609129458.3,943668315.930699
516348186098249,28292007202481.4,4924420.02658848,201544388141.308,64275995036409.7,874659964.92427
2881709776765138,215627825687172,4836400.11203411,951306321038.566,80354134493845.1,1171001641.63251
611209562539766,316936007865986,2901052.52776037,1120076924173.56,41410054297797,843425077.025614
280837944910339,17204186187098.1,3064713.69815558,118300777860.591,23915405036810.9,1347601198.4263
267975429632050,6287161904169.98,1106028.35004862,-116247816472.312,6168387121946.19,1273216835.07702
567329496357288,136596987178698,3958865.56639689,-401365553551.64,55310645517031.4,1206264467.62274
618673875707172,82999441427083,4816531.68246787,-182304391174.748,52739095779356.6,1316599742.20258
1071207890970765,7522776897055.6,626063.624224837,731355274462.701,12076449685554.2,122406353.778608
719723567674924,134025156882109,3107713.58713765,927154254384.826,32141587034718.8,911374684.645226
1173828758800980,694757946223.821,8880.21021569026,12485630759.7331,170822391963.447,12045232.0799526
667692897416166,95610802467367.2,3133972.86491732,365389752362.72,49843468038661.8,1137881723.67993
730913438997688,166811803871167,4731759.43425086,866273332138.294,73009778691976.2,988511975.389625
1145301094549712,6345644858034.37,59098.7972850201,59068672707.5481,718607004197.955,21406808.0292259
812913402872418,14673063659662.6,2796903.68706522,-65234787915.4918,40697975050444.7,1162670691.70825
1177041822287953,0,0,0,0,0
396362380139861,11024969424439.4,2422340.20478273,65658227537.8084,27804004825249.9,1123124374.57895
702651758453380,158553024230199,4126969.15410923,891020156106.951,57197393999804,893009833.486971
262443277768943,50510525758885.7,2511042.25718998,352839315327.357,30963700839448.5,694023789.494335
NA,NA,NA,NA,NA,NA
2218807314632646,241218185856744,4056539.49101406,1347972055657.39,71468441660267.8,858633991.405538
181133128839924,83443728284061.4,2738420.47486321,608166245213.119,23070374080391.4,795679490.201428
141107376319332,20794069634302.9,3053641.58356615,138948504903.357,20034939366168.4,1354892046.35338
333254162299498,139092520697013,2669019.56437013,398463592336.184,28769369283536.4,942306414.376727
1157527663235286,457416266605990,2492346.19887277,1615951005050.98,47057716509157.6,1233848270.33435
NA,NA,NA,NA,NA,NA
310404522840486,74311172751480.9,2198886.37617943,194055930722.169,19088703869345.8,1160455214.62958
1110804417831041,195392556401504,4383287.22867048,1148296408230.4,74614079801669.6,829128497.513487
929219407676258,133818066000558,1641242.38568504,670228702911.034,21975734965557.1,357999503.705511
660662047312693,293323615272115,4989809.30224137,1640867569175.93,63263707554867.5,756552064.893722
1365500220079435,66313810087767.3,2679821.12063107,649244838192.181,33476952181420.1,947547724.024623
1518687025016557,326015157576370,2992028.48649603,1189700910114.79,55722609695413.9,1153343153.35045
156152772359540,67782987866522.9,2276244.52794815,459050771225.547,19118575399634.9,1066616085.53336
1100543963064242,412202697.167339,1.04943026157422,-166933835.05163,9562208.82427532,10217952.4900682
1172428971593278,39383400780.7447,194.509553602624,-155119127.359479,2525934198.17232,1929182.46090999
384602375329243,100897125187583,2727433.48176144,588052387585.665,33488843625556,1481263448.14306
1240635657684918,78724142141708,1211965.30349309,1059935560036.89,21339347606354.4,141770720.657429
953789091847969,263564326987532,3616717.68320102,1325155204416.16,44186320015713.2,792971386.073777
243171869168572,101628201116639,2789110.92721694,205520896117.105,24884545773116.9,1064598066.12039
306531220890068,12735284341190.8,1617448.43079638,-94604050913.076,12650960816817.2,1419761686.45079
471356620278883,23585192684968.6,4088957.26135757,188320647792.917,32053130896576.5,863712447.316102
1340894514628976,361268393627582,4566308.40286562,1536099851689.53,60144115559678.6,877066580.365448
1731106268808268,89501203560848.7,4986207.34184814,924479454879.768,48144342827604.1,1047425357.61513
736228861920976,707123966174042,4675794.22385839,2106500101216.25,63899311602144.2,690172067.862365
710700874983135,109748745419495,3437006.95146065,523554514457.349,36437586630709.1,1142096366.64723
1167759754582876,605226776136670,6769769.94286292,2967568965536.04,124795708299094,853058292.900777
847449704868170,790220919054.385,80044.5788778398,5704799830.82977,517880325429.631,25648908.1605828
463640134640882,614659411750586,6165853.96609574,1808557425783.99,49939108055078.3,909856475.525452
610628422896904,1254988432600.98,34111.8679511209,5622584485.52151,334766814718.151,165628494.37944
892177663998787,212534301887128,3357435.68863655,1123984623319.58,39468852098699.8,945696730.369671
382553502208922,286776636133567,2182872.5827026,821616248872.6,26709485503139,1322123640.55667
1517691349259540,530872126525974,3742367.56747656,1915901260665.54,44441179049469.8,876898953.516927
559522652870252,9622227337488.42,2097946.87162302,235780433767.433,28771649151603,1237984616.0241
334121149106056,48584198523214.4,3524827.47744452,229699429662.931,30229728257341.5,976939469.740196
1549268733467595,425390030605808,5057117.99313958,1726524086320.42,74402432418618.2,1075651019.71058
954549779000213,50057233767439.8,3999788.5915083,38415256977.7115,57917834132702.7,1065483112.82931
842932572534637,355086261273661,2449094.49364827,1541287412129.3,44240448414410.9,1099667852.13757
1100349595822862,58861833394486.9,2324642.46666942,307560203417.573,24284821441254.6,1073115653.83267
219448484505472,18963281612988.9,2444850.41195431,85613536021.2744,20321656668276,1456285882.99039
21363558718208.2,1067120749417.16,199059.929053334,-7921169536.89761,2111209210743.43,1457233135.41849
337966306981310,25342913116803.9,4533654.00888218,384500187863.923,31573429146432.5,1017826695.12508
301542689345582,13883184707713.7,1722395.2775364,-12466892531.7213,29098545582120.3,1354114666.37801
535376324199631,212840952266188,2412848.04334927,972026959292.901,30927371424054.9,852971795.586535
977972325691688,21368583737.4377,2633.3045179606,1354212438.14393,32363577372.8665,3839684.47411172
1036920162454838,64484777513.065,1164.679901803,1013071209.86648,18834148835.7412,8288941.75514803
1311057982160318,103855791623719,4671765.53842774,346793817867.627,61779523615718.4,789355023.388094
1139959501219760,41538858798253.9,3235467.15948845,87336306534.771,43070987955189,1153215751.08757
63352264635408.4,4814114558130.11,228654.605010255,4733402992.88752,3905726848620.53,1530500958.88285
532327076262596,18649014250634.1,4524258.76846731,-124872321808.359,47873604802706.3,1092857536.69288
1206662583188221,711123357671345,5529559.3522644,3546430812190.4,65330767316666.6,783886105.75115
267176739425266,62531640007020.7,3315699.72638929,133358336345.916,40488277896755.9,1463617493.1567
1095275998668856,11181204686302.3,564781.331359922,207476276832.784,7166302287453.11,114147695.18842
1081427295721644,37505041436622.4,252893.549593759,537055327247.676,3714807459218.36,119842820.679639
388418490330449,215598969556986,2939025.53766988,1150241093361.55,39940061362504.1,1075543312.06227
287242385567544,17357499114988,2365051.62006029,97829901353.0908,32284709934519.4,1007457272.26229
192017562860891,151629709413302,2057502.02170662,420481747639.704,23454249235792.4,1154646457.37252
975389273747754,217007725282.795,32212.6132663092,5573798626.10378,319876645125.493,7549029.96396908
1205709741587780,528248379864453,3100316.87397866,2453472937459.19,53127501985414.9,637545328.073974
857677747865691,398806031110564,3115760.16434401,1530922685928.34,28237742526836.1,841856524.181937
385260923095841,17870155763962.3,2671162.96473437,207379219644.642,30832690528919.2,1113920484.64048
640987728821402,407059213692542,3339826.95036738,727655982182.153,37769117736274.3,1087212729.19788
1013402413091069,436820327.190195,2.66343165998682,-318109325.918656,-43479.5849445005,33329222.1676539
970933829305213,43642120131617.8,4170983.33191004,142830145910.894,49193400296061.7,1025367612.91842
593473561076171,82996264489808.8,3725825.21199904,590211600592.815,32460074448465.2,1011770576.42213
205004179218058,10057628377469.1,1602745.00056008,36293823747.7585,9207636542633.09,1241039968.01751
1438282196843180,141151148579413,3826641.22759688,294161574576.423,67200443157196,1041769113.03372
631748670120378,135030856502177,2566556.78884572,304256201467.459,29171145460758.3,1024580697.50843
1146926140188761,345830384098.315,17413.8003415356,19151822236.119,201890109266.658,35422829.0592886
311876213897692,228032862441532,3114845.26902437,407881025408.146,31321148833324.6,1226768111.62849
776203176347002,21879129974382.7,4704922.99257352,-226479884928.099,76902522374959.1,1032996570.11876
238099107493841,25987977149086.8,2189604.80015215,94913473738.4212,25679749279295.7,864806678.431442
523171439614241,17239318030077.5,3585078.39515506,371107330323.63,30008280779663.5,1045579390.47721
440895660808215,50836539339776.4,2028797.8787941,425857543505.704,17697839224943.7,1182807786.64626
947423710217461,55960747445.8076,6882.26239618432,2554691386.74956,91795425605.6872,23504055.567943
1272601045901741,202068477344179,2859968.80862922,1348959997441.13,34588657376146.6,958030321.191569
384900040924944,161098306691856,2660527.38976095,467184809202.227,33853622899917.1,1093631594.41039
179524229283764,8533269754429.05,1626566.43441473,56615088915.2304,21025073028115,1265476813.38984
184887691177557,29390459040169.8,1820988.57785691,-126019396991.449,23678950347401.5,1061934130.18795
1360287587580960,412406103988015,2337292.69517482,1941708103691.42,44223663448709.5,673819401.033259
161865115329343,9380013311249.75,1606514.96539925,14879626994.1268,23648417198903.1,1380027127.80816
220467313105395,154754548134935,3003992.82430248,600596232772.683,22954097130362.5,1026961354.67368
1058363231538170,408571594918.165,8230.90349199866,5900378607.96022,111675312611.227,9493252.00381896
1367994769040422,24938593549416.9,5760533.36931018,375149082952.915,49723119508936.1,1141501416.775
1162949649648135,162165976515.974,2428.91953601929,4523498467.1455,45785435164.7772,2996262.24855345
1010002581154153,335803877096477,4915151.46763786,1734731505660.63,34000819006540,1171347773.14275
882708626701775,404990816532705,4413765.42935012,1745327889589.2,57203123214752.5,814196355.399703
1238053638761991,807705491663.76,134384.56449571,44743484013.3152,2022331055350.54,42485434.287929
1334713717601898,77501013127500.8,630580.335421942,630961928674.522,10292432500876.9,86365326.3526509
978227550594160,82394634285.8624,4490.69182416277,2285443432.71126,64710030606.8084,118771890.50033
42976957160947.4,38949584109163,471473.057291803,202480217669.093,5088433885117.89,1439543015.88464
1029609179874425,318606801463.786,5576.44933916527,2452463953.64154,42943456119.3194,109313388.282069
897308128135800,333645970914559,2298392.39416684,990283748925.886,41338307460793.5,448229113.858733
414265492503386,8900374248267.36,2011964.97129964,-58999362881.983,11837876321599.7,1403083011.99893
NA,NA,NA,NA,NA,NA
963743537391134,2406929424522.22,467176.17053623,128280202617.955,5474222628954.36,119624078.178085
1112958446681025,25028531500164,214297.391301245,252759674836.59,2263860327797.11,56729283.6931143
865863364008924,473370951770.607,84817.6445838376,7886605261.65664,953264833304.183,37312774.4721759
1176290497285453,27104976487.9881,437.653732686592,354381456.011978,7420567963.26865,5302907.71895961
286977988740212,205268335965343,2888455.77733061,491379651595.639,29603659982398.5,1131741439.88445
673179334373915,135131733456627,1821081.33402456,660359903289.548,15509752517037.2,1132492655.81854
259132160092919,9130506655684.82,2021169.98582507,22061291752.966,15100704825916.2,1112345925.89311
247568526386836,38331584353134.2,1398309.56371251,232125248457.174,11541278875391,1245333530.95624
999142093271254,700730695700605,2310535.26065122,2036110769463.85,31989074915131,1211265463.55534
1072102408146423,558749342910320,6295306.91845186,2466189417656.92,79410598403589,957414984.350082
903563923473047,49286481552743.4,5763948.9793729,-203768960587.805,79856313877017.5,1044368173.5587
1093171955241998,3639268650767.13,121429.399257712,46914586768.4425,2116681001030.33,33532158.1269957
NA,NA,NA,NA,NA,NA
537218773969256,114962819061322,3461445.67345839,472009579274.954,49652173178697.2,1008077118.86907
1133259342915450,6281776930739.02,82813.2326807253,53391408721.9272,1181060240658.35,44930853.209372
1107563477897069,2118178089301.5,57299.2941142613,27548407946.6619,647908482969.26,45747528.7413473
1099825507117409,399251110540602,5261707.2068401,930591708524.866,57160981932315.7,1374795942.30628
970094129230293,33927667345723.9,5000210.06938015,-91797517199.6709,88460828361657.2,1145944802.02763
135265390655661,26665698063167.5,2129774.2583353,275956482528.077,17932822321784.3,1325886197.21745
233603106749163,56189303441624.1,1504058.11545977,232949443114.081,15785240383049.8,1235883115.5486
662535149788886,187749802581464,3541780.65904173,818398228007.534,33178961189511.5,987758408.925368
183048231123987,4398109489449.6,886025.236513413,52848824880.7135,7275902851359.92,1322767062.80925
405136521461356,387565790091151,3233626.65479644,1425716263633.24,32428014239079.9,1155091934.5773
541963699192456,311235589660739,3168334.57738578,1222728641398.63,42681910073243.2,996415362.41625
450446921825532,243944351915292,4847735.94293863,928629204637.017,48432120741878.6,889049748.892875
382592552712630,77256510848734.9,4236862.45412272,528391711713.333,34954094423517.8,943170492.718054
2406370819666008,251138088374897,4564723.66847,3016501561337.44,66730830410545.8,692767218.479318
1243580132333580,166712937853862,3499682.49310811,838223079681.053,37857126374828.7,966246827.118931
1131874782030681,33093031491.6361,4913.00741944099,5244257874.51507,63384835575.1966,7840673.63516612
1643857192702154,540264388587806,5262594.5590202,1959400152881.81,67035548560081.5,1053908768.68851
891801642603258,321348366314.679,20517.5420580101,1880587769.23088,335187471887.922,195075325.581495
1176596548297302,328638426.864537,0.04271389539564,-472389100.211089,362503.319705841,3558916.06877293
544179271110470,653449478853420,3958013.1175251,1760685661660.56,66017274426510.9,1123470716.37811
1150800205101732,216187867097.375,1754.92971819251,768081493.129118,16392400184.0341,2626216.55338563
137763683861192,5798306946463.38,1045221.903026,-3380971818.81418,10568143955349.3,1384950786.77116
1146993198166082,407122244451.286,29814.4814324291,11559947804.9979,231562256920.309,17269335.5932256
164077656890386,10469496419528.5,2134919.52589701,166410526076.816,26591249943657.6,1209177471.37139
777696085295646,2420428464953.09,499696.625194051,-31738440029.6736,5581224760176.2,218199559.328598
520367043485606,1084809806138324,4474797.06266856,2316864931882.62,38883898370974.5,862229510.700143
1165066196419142,774350026.82388,91.1438159685936,-66596307.3683539,1311184721.48067,5723584.64313237
1777542580353225,740646736248614,5237796.9549473,2512357052458.31,66560819553253.5,1084180159.36896
1923498895783299,875475316436674,6263831.52993887,2847279211323.26,74077339822378,905776697.842965
907412066227033,208251101011.582,7590.03061515037,1474250555.95081,94838165672.9503,165502388.765281
1177041509857365,0,0,0,0,0
2333031139595536,40777664345430.1,5866047.76758693,335541939711.656,61905504498780.2,1038742957.81245
1458812116269124,33387881284033.7,5201079.56804409,-223611382613.834,104042428685877,909789758.621154
239396207708810,59728437493073.2,1935849.52438631,-884700252807.304,24906114551133.4,903202766.579173
891611390750190,234836914520191,2357804.27110704,1059740735623.69,22562927436063.8,771308112.805787
36567097268157.4,912067901018.181,134457.519480641,-24380084252.301,1729137982187.07,1362430991.98746
1232835267903152,68291552584598.4,5175675.79682098,217080182019.222,67785806378466.5,796041134.911166
1071487328811099,1049634432035.66,49576.7126995309,4520183413.37765,664219678064.904,59868413.1549389
1023816263265445,22381602469.5256,1508.71672348365,1326644379.9469,23075933578.1775,2336706.99611041
3836235315046240,394603389166347,7013296.3191609,2629844668118.26,134210122070779,911628473.388939
1070062285946576,31426154145306.3,5935926.24371559,-629726917113.287,107086360986929,1355336673.46266
172897723129064,11838468219478,3163201.52964644,110933662337.086,25439574660840.3,1388453189.58757
3797502259556587,433667910245417,3306717.69907455,-58288167672727.6,38212948656837,749127783.08232
288424563541882,12694790098872.4,2359641.75112968,25249506292.4281,26774602856418.6,1192184619.20874
999396619591323,333979904819333,2636676.24125007,1671310282562.7,27445374989185,1160932381.68615
369269179330873,24406160614407.1,2263155.51345944,-15769492787.8293,32112267882604,1418403373.73481
1038984547958886,217511873852.806,32088.9577490742,7900881038.19825,174485843264.31,15815986.9277243
832930017382772,405323895043034,3486273.40276569,1568964948547.43,45486209107279,1071322385.26495
997432006998086,698892321105487,5280777.05671739,2501503175780.25,56048831638867.1,830937448.690951
557418741710397,61059383923806.3,2878089.28191502,272351082894.185,40366111654423.3,1038505659.8758
316204363841942,465896814884028,3796629.75017588,1630465341732.51,36099097932645.5,795691614.2237
1131226628500685,524908470351717,3371134.75905646,1964870344542.13,48711011479671.6,885396379.008268
293398404757908,13727439264704.3,2984729.91621035,-30600355955.6522,36367128072406.5,1108607298.77319
604585234935495,168278327793727,4491299.99529946,970593220429.123,49095618264359.6,797302063.909059
505557442162195,172569863711683,4167004.72699734,824467185291.849,48606345897894,922565788.5081
533021864330148,151711727721358,4035035.95653973,789717442984.21,34734918131900.1,983163951.873479
608556772666140,16444343981594.8,3232472.29561209,40905593981.0666,41217929831038.3,990463474.420791
688532391957593,263686996407064,4340401.09923554,1298076744972.48,40202060772214.1,948366994.921139
1037694915577936,467584843888605,3887602.26547405,2219713149519.03,53199106606937.2,641639371.860987
528790982941896,524108194468934,3739113.41764394,1994611167627.63,39863316197711.2,1003467621.52186
504937561210316,176293128103399,3657610.85665259,721223878118.25,31872673025053,1129800640.94673
609495749558352,66695344775166.3,3298765.19240304,236487442796.62,47989069041926.6,1099932727.53287
1407144594528407,120827542820736,3816181.78937794,1191583740671.33,49774156382464.3,902076916.769506
860576697974558,1064328944472.18,58813.2107671513,24447942792.0961,759687630067.838,19976343.6672745
1091566456171290,482002979864113,5569548.02211951,1739734872673.6,63619690748081.8,1087682039.7835
482617517497698,361706582101619,4220951.74036347,1288606875705.39,53053028928755.4,915662853.930479
280823923106926,89736878015978.5,2800461.99074581,277617149748.752,29124901592370.5,1198241021.5042
599282845943011,112198327222499,3890145.46456667,1054235666501.11,47268221643971.4,1072625888.29084
513794658060614,159578668756111,5348797.09193924,492965798347.806,37653587731452.6,1314407122.98779
891766959780379,191292108274506,3495397.02964246,1006160196009.67,40094886268029.3,843521626.678296
378376883448725,50990670617726,1432509.49857978,105865104008.699,12363034236798.4,1184034032.3563
1183879818168861,45529656210482.7,4706518.48823281,308176577381.319,36670807926019.7,876688481.650301
927069835467246,652256706151031,4265700.18127034,1737346044631.26,60988577272838.3,885922614.267237
1118726745628194,923492104429.364,50737.6653656315,49989083914.508,647647617478.6,42182856.4512355
2243815899277.3,120424118555.85,20229.2281411481,4744665097.55554,211077792328.775,1530762890.17865
318358240860617,49150146151117.3,2824229.63317753,256139197073.932,27105499067877.1,993259314.797082
901973599807386,115333856060261,2898013.98307535,394502766070.721,42883387043878.9,894385844.345686
927466062365612,713305031359081,3378749.05978875,2723204018987.48,59351228173334.5,695591274.711315
135896868031923,5824662514396.05,935492.191918235,114228049050.092,6444600262159.58,1393014763.34117
326688030662366,33016964241314.6,2580695.04142675,264678550873.942,30586059909800.9,1028845227.46451
1028909296046648,629273998771.014,49208.7534513087,35970306041.556,607857033742.459,108423496.277252
245400455614650,55676171583142.7,3464511.1357854,378734734141.805,25723798478141.3,1096513177.75791
411977721375180,16988493937312.4,4369521.82420374,183317966874.517,38644166603910.6,1018303514.6393
341373200040793,562377984432538,5113905.43765469,1619587157400.81,44976699927778.2,877792333.576368
1390269517484487,394455446090801,5006286.16284789,2100977870404.7,67977459675294.9,1014547639.80625
574319555609810,28875104978026.7,4697927.63109934,234268555500.162,51873372103214.6,1051340133.95731
973791466148989,35996378188.3856,3096.04095510741,486473872.374635,33228848672.7349,3384468.88021281
679995026418764,17377716580822.9,3313503.99422006,-78283241308.702,42886167459249.5,892688430.254189
1009995516299615,246759892353100,3934476.16755765,1149508211065.99,57542888860822.2,921290219.801586
314745473407731,119988698277824,1294612.42590805,344506132501.133,14741602586123.8,1293065991.67874
1010166117342828,29226245738.2184,1853.92817605783,1411457503.5423,18889922157.7502,3638818.77140471
1297949880723492,757989983943729,5092897.18736565,2845404763344.36,84048588075522.3,906194368.841862
1103906746644783,643707998663442,4687990.83815266,2743626435259.12,64859751857944.5,875969159.095493
851838646649668,280337474203363,4055653.80122957,1101846850567.26,43505803553144.7,816583675.514609
397933281962686,17888916307366.3,2367100.70629094,78884274294.3628,37866995017172.1,1338207661.53952
814127328006269,441419840940693,4408465.20567911,1859816534498.36,63981910428972.5,858314181.843451
581110253232203,428893905572045,3524820.94709666,913799228269,44545984240400.8,1116179471.4277
157737940737145,185246046469500,2136110.29880832,809193853528.919,18858910871108.2,1186145598.35663
522441102063685,242404745644943,3303822.03745822,726485702569.564,34297318599232,1019103698.40575
1198865747596908,323137840255747,5013137.9504402,1956397323444.61,62244092082176.1,1074328707.77388
727093662103798,13345517375719.9,1673610.49697733,-54149536734.3864,16182267801005.2,1098355741.52255
428682504527687,144434771032112,3040760.09264596,727625725582.497,30083762150987.3,940715398.417772
294015969073555,47018484126326,3520640.35467631,404659652386.816,29209054804561.5,1190398719.36049
339674039646764,46753016511826.8,1256270.12393809,58722297138.9107,12401208401945.1,1353440139.65415
1229090164105167,37797814414912.8,4782299.58468574,-189915169124.481,69150366837682.5,1106404616.97449
NA,NA,NA,NA,NA,NA
1073701716055710,48401719951693.1,1221859.59915332,422884788959.994,14277027079458.4,343269028.231397
744765158733780,26993071524561,4217486.82518981,-113908322549.423,29565100232838.2,997769124.59284
1145441967323848,6987180490248.1,241558.052668206,191760643898.559,3766277197616.23,54911399.7797311
496324457523558,26786018601027.6,4076787.82532371,-1261899991.28561,28664154890870.9,971864237.055568
1297155751701649,755480117786994,5943787.54408378,2510854936735.72,64299760083779.6,911742261.130234
649965243679693,54218718629581,3864497.65338943,429955161208.706,53279625842118.3,1086774414.36374
503550451436082,157481901336718,3505812.03210426,895855849146.712,51152223318008.9,1076195377.72811
1528484054209072,205631910890056,3352566.90410635,688332239891.252,48995893529796.8,1019746319.5117
1026817551684504,1293829629518.26,66370.909819538,13382751071.6562,979932067773.916,13734190.5206865
474711345541276,112559033974229,3657436.35938599,533140232479.36,31004880822333.4,848398062.934206
650718025955545,9716692849993.39,3040810.33147314,196826482802.932,28127982865050.5,1149907239.62635
1072728259446294,108475500116784,3844193.39170505,263898496098.654,54776384225843.6,960724784.581267
294681749775109,342411350343211,3037158.83152406,1175556150241.9,22646215126680.9,849635844.262721
1106847628173730,163648668129.701,8098.40128095893,6102158227.17144,83921795226.6154,4566250.4216963
405604074198168,126645615370246,3777095.19243009,733562161099.899,35511625414080.9,914001504.183184
181552502191909,21104234683829.2,1284941.49945906,83232922374.9415,8988962890841.21,1376823815.05706
449421929001199,404003908475438,2289653.30059901,1359095641346.19,27159141147949.1,980574298.543775
462299651559884,50883123823742.1,2392510.75497623,345396797005.437,24207145885947.5,1239954873.81048
1000355362174980,362925990460553,3592756.08060392,1623571823121.26,52034529609149.2,732644068.975314
579339072191901,237669336755291,3500332.71284082,1254902162183.7,34962003600287,752469301.049494
1192460202586988,84421348968147,2306730.21827326,921048864461.115,30494208288487,304651905.00351
1444329268119746,315757826281454,4342047.47251341,1450278546284.58,71503877136565.5,787354068.695413
16527808082929.5,832931608036.958,132941.366147628,28400022801.7498,2167634154993.18,1424095888.64353
1010294659440900,904121615889820,5071627.38630548,2790096186485.56,72065892385293.2,685891371.660571
987624171731609,578148034916121,5296891.91272773,1848434484350.14,53878101115232.3,795622681.665489
396364232891429,73778847860046.9,2909639.62818874,371161737123.439,33455948842411.1,1232260065.87756
46779245958715.3,1871385387287.97,474012.446872637,-38608618009.7281,3639604116114.21,1394630465.34524
49277340502681.4,8579430726915.6,562411.222440425,115360561593.066,6031226268375.39,1531179690.10991
1259357374910520,58583423856203.9,4343962.60899015,654534277219.327,50166952366904.2,1140771307.73569
13655473504173.8,950567186936.133,183937.595038584,-2580147977.90255,2183741388941.77,1520005120.33985
707057167209667,321804762125128,3772303.21390239,929173939034.779,37291572216256.8,1048797826.12699
400400539955014,9846016959627.32,2583361.32798758,249217987315.55,27999401614273.9,1218820911.08827
558351028502003,136003743659520,3383045.82524445,696717545776.488,58278466117080.4,1127704408.18153
569523091485496,479834028195506,5414341.14721886,2104843117196.02,47816005624270.9,867587054.409205
930547617997925,25951504845427.5,264489.319121206,326389441289.237,3378133015737.53,76908661.0909218
944146947957064,555231961995076,3632183.3109784,1957866303104.83,58879544198306.5,841360919.60323
NA,NA,NA,NA,NA,NA
1106035264068607,4606073542924.74,164600.333598411,139952840401.549,2008702053025.73,51263464.9540199
535855667989701,724291424662690,3657297.48083748,2354472175412.16,53262599317215.9,636240084.678349
641081896675619,49716967032869.7,3730605.69927333,152019647151.258,66803253803057.1,1196412864.34434
827868254988906,1750726090392.41,17567.1568073816,15124742961.1549,178941884392.233,48680188.3227769
892690220322982,164359227.433125,8.1292246410036,-229470089.100538,81436133.6723181,4392621.99212187
862190487773321,216314599384585,3319532.7885593,166042133746.234,62277235724197.4,983160534.291701
797205758686202,15084810479945.1,3561580.78012082,69206550109.3759,51344268034361.8,1042881040.5378
486158622413110,23608053776479.6,3838719.74214389,52667384421.3754,43366568157064.6,923427603.505192
794371828763147,597251514221258,3799790.00212648,1821104207645.17,58433328876062.1,844157300.109427
1250861977664456,709565720978.066,29444.9273952233,54881822184.919,555130396632.894,10916207.7699269
NA,NA,NA,NA,NA,NA
1510236890893918,364322532179268,3368398.41484639,1969323081085.46,49699726081854.7,900663118.89607
1141370096226604,1287194247348.12,55478.1531866745,22130158088.4597,610794884694.199,16274993.5544741
2330826410339078,438074061926227,3541466.71432188,2769492775297.83,70219445385257.5,793991462.674393
507088746139224,76657232351844.5,5042581.11786357,537013431403.057,43295761047876.7,898375734.228537
776364630261203,32192689428392.5,5198314.47629223,112961298223.913,64207493357450.4,1026698233.62081
8298272207452.63,756588463074.853,145059.978821927,75733970686.9651,1342916296305.67,1518231651.66461
1065216658496299,1258105046.1436,164.640339052611,-60837906.3487351,1971083520.2694,5228492.18121852
917474620919480,3592057194574.82,84937.10493823,37559066494.6588,898384790974.65,48544012.3255089
955101809571190,386592962276875,3220566.98337274,1165671140829.03,30722314090098.2,877100940.008775
823066058322846,191646380439303,4760282.05323403,822934221657.854,49047072923317.6,967825294.556296
1267877966874352,184140428161221,2865767.92277485,593118362086.499,36506121388023.5,1189472226.64036
235113203099458,19711437701841.2,2016846.63660933,-181727641541.622,22982728230424.6,1131144121.73931
761731640488945,113581496940854,2531185.74937244,629707620457.779,35448795174925.1,968984919.536331
979973034242437,2113169083143644,4398745.23529206,4007862805461.41,65811840636239.7,606804580.048461
86332160172721.3,59548110514331.8,577304.249895564,306880475488.115,8369209232495.97,1325790967.81892
1924084274144693,45601613786983.4,5287823.47004397,-278071490778.8,68241439703637.9,1092255890.53829
708152219437180,37460396020075.2,5842902.20728293,67581301782.3768,54987539653753.3,1013847919.08529
244193187888098,72097903084488.7,1647337.34888199,327043501777.987,25013152414758.7,1329753586.29341
923563079125754,210310114300024,1921359.75744402,1035967030114.28,18559379084180.4,1188928954.76506
4315100936857888,39740602040860.8,5862809.71899331,1434437289358.4,106990135129095,982580574.683716
1159832215443080,1642335045381.47,40859.2647175603,30008371335.2161,419413914693.672,28097065.0953199
221918096077741,45570052865432.1,2125548.07593747,270512992999.509,19449008642590.5,1175051923.83302
1210847613845402,48629066629857.4,3434321.07472065,683317507450.198,31712191060494.3,1079228908.85555
583516623252215,207657550221181,3094762.49390667,692108244502.339,32189545827407,1011133633.95857
850114803470642,17920888518756.6,3296499.16752173,160203805105.002,39631965843239.3,1086144861.19795
413654551476184,506781051486751,4206721.67078712,1855409674051.59,38179676639592.7,1011433877.08628
926581879009537,2234223007422.4,175638.23891512,26211092979.4364,2013663442467.47,41491435.7310843
349507602626632,128051529599806,1763092.96380308,315265772780.023,19919712344942.2,1362256832.11745
1207693634667011,601999700822547,5200765.33596591,1841675063903.75,72940989203830.1,970991856.133713
670157079353183,291209382449370,2794000.65344364,1059822903054.8,39298351639890.3,1071624034.92319
734911453420938,301669007334719,3042456.82116634,1188224336282.93,28223923830373.5,730006302.522156
1171581989256178,1005342785604.53,10156.3494218767,10912073038.034,93890552713.8669,13468030.9675285
1280369920306278,62383958681396.1,4438864.14574843,565917122880.897,56417476187597.4,1207662423.01161
577155507049382,23850417353750.1,4491051.72482122,522315877160.341,50273173617609.3,1066253857.42872
288127509318248,263896861709472,3364207.94601146,458807187254.091,24417643776102.2,977224720.863127
1337094507034549,483092836810614,3548341.96157194,2869625409027.54,63883856770221,736269876.54555
1917926557746573,594114352516882,5007422.61148504,3226640939987.83,79421657880797.2,939135926.000049
1142855606188727,1909514759242.65,36740.4594202445,23179261446.6628,306384711837.636,30579422.507651
26955972119798.9,677013063269.966,122496.58439309,-13753073555.286,1404764746566.54,1455135447.43633
527650064254157,28951333097604.2,4599066.8759978,253010217013.757,55486045170153.9,1049877930.77145
1450274863045436,286911829755504,2727063.28075388,601510842964.439,41932744323373.3,1215423022.30205
1031281369954589,49774397576.4346,1775.67271300641,3377530860.35064,32194034285.8507,3408096.71829786
20861750061048.5,3333251772988.52,318343.470532576,-19486565815.6737,3015983409217.19,1476620066.27298
441479223327409,26698761111314.2,3933518.05433012,-42353531964.7669,52990712180934,1051526360.97235
375401482248136,644846136081369,2467023.21396568,1566523727566.64,27063052545415.2,978364309.749497
972624231086637,16478431466988.3,284406.291792127,85282629644.6634,2914755266925.77,90145837.6310276
231478405894966,15521926857626.7,4136963.88506937,225014531558.185,36571574622201.2,1171488175.54787
605800736666809,176272629772622,4347112.69653334,1242514204570.5,34688583652417.7,709507067.675869
248776541854398,44102509904889,898147.491088148,167816290308.871,7406434029206.73,676930874.26762
NA,NA,NA,NA,NA,NA
1180914074209213,14022461971424,140233.294058928,105086771658.272,1745394433031.16,31872079.9258038
385889946802286,19817773674047.2,4467942.36762021,247205613132.379,36920392177873,1188087875.96195
406028238642975,9185982176802.8,1594271.20141294,-157808328931.267,18101225153850.4,1321424661.92552
1129089356780480,286910216437.011,23822.9933471408,21299851112.7707,335935238008.12,32030185.4768339
940707807769505,275771907859191,2983587.08730915,1122023642464.43,38215308244687.2,1137838356.76143
1484510071177450,278146071886321,4557248.65978843,1860042147041.22,54149660534607.2,580906218.912026
1115744682425469,2071704775976.7,12852.7709684714,-1629816280.99016,129956187349.074,30007474.2197416
819891905972181,21044917990677,2900968.2011765,-76847432766.0118,43884800845328.5,869654190.304886
71489895481016.8,17990273523859.4,1349614.47601104,-72434958480.2029,9563874987494.51,1384770074.93232
677845442227089,536439080660679,3039588.66993216,1450346517206.63,41870328075797.5,991621310.941455
918378116778199,139202278390074,3144649.0708486,400556199521.415,58284723240796.9,1258142803.75373
861375959824309,13659786601.6256,1950.2758862164,853354521.149416,27220479930.9953,1831391.18393201
742752302346797,284766051179175,3441310.64217669,968964086701.248,30233914311936,997512973.00857
2082235687141188,349025688932909,5464346.10749972,2336216550494.44,91242323486637.5,921012241.166201
657891097907016,287099792194060,5389933.0926844,1429284363498.67,60075791406886.3,911075779.212715
313401802942082,16332881938320.8,2059952.83023969,9497479384.46479,22398709433505.4,1149727585.14858
1090597076736679,424967963.24138,1.54118881854759,-196472489.255201,13444875.5478852,5321555.37352524
2023508374030151,356484846325388,5479419.8691191,1413452274574.11,67192633000531,1013502585.75606
552712840750144,298876128206754,2217998.83737216,1173834703141.84,26230945802646,1130002960.53799
1130836359899660,339138473828.915,9505.82190862992,18538565522.0564,144279321029.49,3595769.65106074
907492904428314,127206209351647,3913459.10916648,409630739477.831,35907591684799.2,1069149418.19941
1113983144953848,2729815342220.44,125747.266028225,88547673100.4546,1112596309566.14,51968382.2509798
373923726977450,6998985380576.75,1053773.7151709,-165540431278.594,13678533734641.7,1320068261.9875
2550443404491108,664414759347144,3914938.7876705,2956273505787.33,59434595136179.2,786445903.98702
898957615667421,102523112272.767,4616.72133519037,3045748163.11217,45014559630.0442,50238117.5809726
762555029338252,208119852.896179,2.84221057952748,-244797190.243257,43441245.7418738,6780546.76253095
1127799866927503,3204539877591.72,96853.7851490965,85400724522.6762,1316967417478.58,13325176.3709553
143545279083997,22415693774981.3,2067829.39418741,-35793481090.7678,18935702994773.4,1253420638.87395
306639942500433,19337394409732.2,2499808.21851379,3337057187.42623,9495441876821.25,1181005477.2693
1497843431730078,24771123859118.3,3421895.38393556,-82038666761.942,49289044487052.5,1212399428.63673
135574491797532,26541166556527,849386.36892671,153797306074.235,7438132827839.43,1489932189.61296
785242047713448,314497792715044,4619630.35794548,1012050111842.74,68637928297970.3,946378472.145751
923135264583626,12605123541382.9,3141496.72294143,283093872053.025,38758592068116.2,1036512471.89896
1162816210098105,1149845843692.38,72997.5621371521,64731677892.9832,990285866420.548,29997198.633994
965923548540146,869327070842924,5344090.09647089,3703091751147.82,90219190839816.9,741816336.379663
60461108405334.8,10293142461770.5,889282.696786272,-18295650654.358,10856146629615.6,1345012437.02752
631264415625025,455286207873118,4841579.87944234,1748075324016.12,51040360798271.6,1084322802.47628
375206756062450,115455259667730,2301072.44641066,497401057612.86,15465589285762.9,1218564526.35251
1146581810724729,14649955637.7404,756.430607944881,-1671862241.76983,12424594407.921,33862001.0772527
1103101152851909,7659631550.5279,996.10470380539,935047964.637946,9892601686.92252,5494854.24591892
130525969879596,46840371912858.4,1923704.02993998,333863243838.857,20490117543389,1270088262.33139
930875119510468,802246694757819,5254263.03304927,453258872559,95665909558514.9,943138860.181595
654868205726966,12939923525369.2,1277804.27156126,-114288937740.817,11846913369558.6,888515564.388563
